{"cameraMode":{"drawMode":0,"name":"Shaded","section":"Shading Mode"},"sceneLighting":true,"audioPlay":false,"sceneViewState":{"showFog":true,"showMaterialUpdate":false,"showSkybox":true,"showFlares":true,"showImageEffects":true,"showParticleSystems":true},"in2DMode":false,"pivot":{"x":50.624088287353519,"y":0.9612796306610107,"z":50.85458755493164},"rotation":{"x":-0.047132961452007297,"y":0.8857799172401428,"z":-0.09228376299142838,"w":-0.4523983597755432},"size":3.19287371635437,"orthographic":false}