{"cameraMode":{"drawMode":0,"name":"Shaded","section":"Shading Mode"},"sceneLighting":true,"audioPlay":false,"sceneViewState":{"showFog":true,"showMaterialUpdate":false,"showSkybox":true,"showFlares":true,"showImageEffects":true,"showParticleSystems":true},"in2DMode":false,"pivot":{"x":48.76856994628906,"y":0.8166810870170593,"z":47.577327728271487},"rotation":{"x":-0.0020129831973463299,"y":-0.9806651473045349,"z":0.19553567469120027,"w":-0.010009238496422768},"size":4.411001205444336,"orthographic":false}