{"cameraMode":{"drawMode":0,"name":"Shaded","section":"Shading Mode"},"sceneLighting":true,"audioPlay":false,"sceneViewState":{"showFog":true,"showMaterialUpdate":false,"showSkybox":true,"showFlares":true,"showImageEffects":true,"showParticleSystems":true},"in2DMode":false,"pivot":{"x":69.11477661132813,"y":-0.623762845993042,"z":42.658790588378909},"rotation":{"x":-0.1656700223684311,"y":-0.42543524503707888,"z":0.07951600849628449,"w":-0.8861655592918396},"size":31.23857307434082,"orthographic":false}